{"block":51,"C":7,"contours":[{"pts":[538,518,537,519,536,519,535,519,534,520,533,520,532,520,531,521,530,521,529,522,528,523,527,523,526,524,526,525,525,526,524,527,523,528,523,529,523,530,522,531,522,532,522,533,521,534,521,535,521,536,521,537,521,538,521,539,521,540,521,541,521,542,521,543,521,544,521,545,522,546,522,547,522,548,523,549,523,550,524,551,524,552,525,553,526,554,527,555,528,556,529,557,530,558,531,558,532,559,533,559,534,560,535,560,536,560,537,560,538,561,539,561,540,561,541,561,542,560,543,560,544,559,545,559,546,559,547,559,548,558,549,558,550,557,551,556,552,555,553,554,554,553,554,552,555,551,556,550,556,549,556,548,557,547,557,546,558,545,558,544,558,543,558,542,558,541,558,540,558,539,558,538,558,537,558,536,558,535,558,534,557,533,557,532,556,531,556,530,555,529,555,528,554,527,554,526,553,525,552,524,551,523,550,522,549,521,548,521,547,520,546,520,545,520,544,519,543,519,542,519,541,518,540,518,539,518],"hier":[-1,-1,1,-1],"area":1236.5,"fit":[539.4031982421875,539.4812622070312,37.4090461730957,42.15631866455078,179.081787109375],"roundness":0.012265620250814221,"passed":true},{"pts":[530,525,531,524,532,525,533,526,533,527,534,528,535,529,535,530,535,531,535,532,534,533,535,534,536,534,537,533,538,533,539,533,540,533,541,533,542,533,543,534,544,535,545,535,546,535,547,536,548,537,548,538,548,539,548,540,548,541,548,542,548,543,548,544,547,545,547,546,548,547,548,548,548,549,547,550,546,551,545,551,544,552,543,552,542,553,542,554,542,555,542,556,542,557,541,558,540,558,539,558,538,558,537,557,536,557,535,557,534,556,533,556,532,555,531,555,530,554,529,553,528,552,529,551,530,551,531,551,532,550,533,550,534,550,535,551,536,551,537,552,538,552,539,552,540,551,540,550,541,549,542,548,542,547,542,546,541,546,540,545,540,544,541,543,542,542,543,541,543,540,543,539,543,538,542,537,541,536,540,536,539,536,538,536,537,537,536,538,536,539,536,540,536,541,537,542,538,543,539,544,540,545,539,546,538,547,537,548,536,549,535,548,534,547,533,546,532,545,532,544,533,543,534,542,534,541,533,540,533,539,532,538,531,539,531,540,531,541,532,542,532,543,532,544,531,545,530,546,529,547,528,548,527,549,526,549,525,548,525,547,524,546,524,545,524,544,524,543,524,542,525,541,526,541,527,540,527,539,527,538,528,537,528,536,528,535,528,534,529,533,529,532,529,531,528,530,527,529,527,528,528,527,529,526],"hier":[2,-1,-1,0],"area":384.0,"fit":[535.9872436523438,542.151611328125,21.453102111816406,29.09588623046875,160.1954345703125],"roundness":0.28761615995574535,"passed":false},{"pts":[544,524,545,523,546,523,547,524,548,525,549,526,550,526,551,527,551,528,552,529,553,530,553,531,554,532,554,533,555,534,555,535,555,536,556,537,556,538,556,539,556,540,556,541,556,542,555,543,554,544,553,544,552,544,551,543,550,542,550,541,551,540,551,539,550,538,550,537,550,536,550,535,550,534,549,533,548,532,548,531,547,531,546,531,545,531,544,531,543,531,542,531,541,531,540,530,539,529,538,528,539,527,540,526,541,526,542,526,543,525],"hier":[3,1,-1,0],"area":141.5,"fit":[548.1942138671875,532.8809814453125,11.179489135742188,23.154508590698242,143.89889526367188],"roundness":0.23014960217628652,"passed":false},{"pts":[537,522,538,521,539,521,540,521,541,522,541,523,540,524,539,524,538,524,537,523],"hier":[-1,2,-1,0],"area":10.0}],"candidates":[{"outer":[539.4031982421875,539.4812622070312,37.4090461730957,42.15631866455078,179.081787109375],"inner":null,"alt":null}]}