{"sim48c8":{"R_BULLSEYE":0.22,"R_DATA_IN":0.3,"R_DATA_OUT":0.78,"R_RING_IN":0.86,"RING_COUNT":3,"SECTOR_COUNT":16,"HAS_SYNC":true,"USE_HEADER":false,"RS_K":2,"RS_NSYM":2,"CRC_BYTES":1,"SYMBOL_BITS":8,"MAX_ERRORS":null,"VERIFY_MIN":0.76,"CONF_ERASURE":0.0,"payload_bits":8,"SYNC":[1,1,0,0,0,0,1,1,0,0,1,1,0,1,1,1],"ALIAS":"s256","data_ring_count":2,"first_data_ring":1,"payload_bytes":1,"ring_center_radii":[0.38,0.5399999999999999,0.7],"sector_center_angles":[0.19634954084936207,0.5890486225480862,0.9817477042468103,1.3744467859455345,1.7671458676442586,2.1598449493429825,2.552544031041707,2.945243112740431,3.3379421944391554,3.730641276137879,4.123340357836604,4.516039439535327,4.908738521234052,5.301437602932776,5.6941366846315,6.086835766330224]},"sim96c32":{"R_BULLSEYE":0.22,"R_DATA_IN":0.3,"R_DATA_OUT":0.78,"R_RING_IN":0.86,"RING_COUNT":4,"SECTOR_COUNT":24,"HAS_SYNC":true,"USE_HEADER":true,"RS_K":5,"RS_NSYM":4,"CRC_BYTES":1,"SYMBOL_BITS":8,"MAX_ERRORS":null,"VERIFY_MIN":null,"CONF_ERASURE":null,"payload_bits":32,"SYNC":[1,1,1,0,1,0,1,1,0,0,1,0,1,1,0,1,0,0,0,1,0,0,1,0],"ALIAS":"s16m","data_ring_count":3,"first_data_ring":1,"payload_bytes":4,"ring_center_radii":[0.36,0.48,0.6000000000000001,0.7200000000000001],"sector_center_angles":[0.1308996938995747,0.39269908169872414,0.6544984694978735,0.916297857297023,1.1780972450961724,1.4398966328953218,1.7016960206944711,1.9634954084936205,2.22529479629277,2.4870941840919194,2.748893571891069,3.010692959690218,3.2724923474893677,3.534291735288517,3.7960911230876664,4.057890510886816,4.319689898685965,4.581489286485114,4.843288674284264,5.105088062083413,5.3668874498825625,5.6286868376817125,5.890486225480862,6.152285613280011]},"sim180c88":{"R_BULLSEYE":0.22,"R_DATA_IN":0.3,"R_DATA_OUT":0.78,"R_RING_IN":0.86,"RING_COUNT":5,"SECTOR_COUNT":36,"HAS_SYNC":true,"USE_HEADER":true,"RS_K":12,"RS_NSYM":6,"CRC_BYTES":1,"SYMBOL_BITS":8,"MAX_ERRORS":null,"VERIFY_MIN":null,"CONF_ERASURE":null,"payload_bits":88,"SYNC":[1,1,1,1,0,0,1,1,1,0,1,1,1,0,0,0,0,0,1,1,1,0,1,1,0,1,0,0,1,1,0,1,1,0,1,0],"ALIAS":"sdata","data_ring_count":4,"first_data_ring":1,"payload_bytes":11,"ring_center_radii":[0.348,0.444,0.54,0.6360000000000001,0.732],"sector_center_angles":[0.08726646259971647,0.2617993877991494,0.4363323129985824,0.6108652381980153,0.7853981633974483,0.9599310885968813,1.1344640137963142,1.3089969389957472,1.48352986419518,1.658062789394613,1.832595714594046,2.007128639793479,2.1816615649929116,2.356194490192345,2.5307274153917776,2.705260340591211,2.8797932657906435,3.0543261909900767,3.2288591161895095,3.4033920413889427,3.5779249665883754,3.752457891787808,3.9269908169872414,4.101523742186674,4.276056667386107,4.4505895925855405,4.625122517784973,4.799655442984406,4.974188368183839,5.148721293383272,5.323254218582705,5.497787143782138,5.672320068981571,5.8468529941810035,6.021385919380437,6.19591884457987]},"sim48c16":{"R_BULLSEYE":0.22,"R_DATA_IN":0.3,"R_DATA_OUT":0.78,"R_RING_IN":0.86,"RING_COUNT":3,"SECTOR_COUNT":16,"HAS_SYNC":true,"USE_HEADER":false,"RS_K":5,"RS_NSYM":3,"CRC_BYTES":1,"SYMBOL_BITS":4,"MAX_ERRORS":null,"VERIFY_MIN":0.78,"CONF_ERASURE":0.4,"payload_bits":16,"SYNC":[0,1,0,1,1,0,1,0,1,0,0,0,0,0,1,0],"ALIAS":"s64k","data_ring_count":2,"first_data_ring":1,"payload_bytes":2,"ring_center_radii":[0.38,0.5399999999999999,0.7],"sector_center_angles":[0.19634954084936207,0.5890486225480862,0.9817477042468103,1.3744467859455345,1.7671458676442586,2.1598449493429825,2.552544031041707,2.945243112740431,3.3379421944391554,3.730641276137879,4.123340357836604,4.516039439535327,4.908738521234052,5.301437602932776,5.6941366846315,6.086835766330224]},"sim48c12":{"R_BULLSEYE":0.22,"R_DATA_IN":0.3,"R_DATA_OUT":0.78,"R_RING_IN":0.86,"RING_COUNT":3,"SECTOR_COUNT":16,"HAS_SYNC":true,"USE_HEADER":false,"RS_K":4,"RS_NSYM":4,"CRC_BYTES":1,"SYMBOL_BITS":4,"MAX_ERRORS":null,"VERIFY_MIN":0.78,"CONF_ERASURE":0.4,"payload_bits":12,"SYNC":[1,0,0,1,0,0,0,1,1,0,0,0,1,0,1,0],"ALIAS":"s4k","data_ring_count":2,"first_data_ring":1,"payload_bytes":2,"ring_center_radii":[0.38,0.5399999999999999,0.7],"sector_center_angles":[0.19634954084936207,0.5890486225480862,0.9817477042468103,1.3744467859455345,1.7671458676442586,2.1598449493429825,2.552544031041707,2.945243112740431,3.3379421944391554,3.730641276137879,4.123340357836604,4.516039439535327,4.908738521234052,5.301437602932776,5.6941366846315,6.086835766330224]}}