{"block":51,"C":7,"contours":[{"pts":[531,512,530,513,529,513,528,513,527,514,526,514,525,515,524,515,523,516,522,516,521,517,520,518,519,519,518,520,517,521,516,522,516,523,515,524,515,525,514,526,514,527,513,528,513,529,513,530,513,531,512,532,512,533,512,534,512,535,512,536,512,537,512,538,512,539,512,540,512,541,512,542,513,543,513,544,513,545,513,546,514,547,514,548,514,549,515,550,515,551,516,552,516,553,517,554,518,555,519,556,519,557,520,558,521,559,522,560,523,560,524,561,525,562,526,563,527,563,528,564,529,564,530,565,531,565,532,565,533,566,534,566,535,566,536,566,537,567,538,567,539,567,540,567,541,567,542,567,543,567,544,567,545,567,546,567,547,567,548,567,549,566,550,566,551,566,552,566,553,565,554,565,555,564,556,564,557,563,558,562,559,562,560,561,561,560,561,559,562,558,563,557,563,556,564,555,564,554,565,553,565,552,566,551,566,550,566,549,567,548,567,547,567,546,567,545,567,544,567,543,567,542,567,541,567,540,567,539,567,538,566,537,566,536,566,535,566,534,565,533,565,532,565,531,564,530,564,529,563,528,563,527,562,526,561,525,561,524,560,523,559,522,558,521,557,520,556,519,555,518,554,518,553,517,552,516,551,516,550,515,549,515,548,514,547,514,546,514,545,513,544,513,543,513,542,513,541,513,540,513,539,512,538,512,537,512,536,512,535,512,534,512,533,512,532,512],"hier":[-1,-1,1,-1],"area":2399.0,"fit":[539.4371337890625,539.68896484375,52.550804138183594,58.130863189697266,135.1007843017578],"roundness":0.008557977119193212,"passed":true},{"pts":[535,516,536,515,537,515,538,515,539,516,540,516,541,516,542,516,543,516,544,517,545,517,546,517,547,518,548,519,547,520,546,520,545,520,544,520,543,519,542,519,541,519,540,519,540,520,541,521,542,522,542,523,543,524,544,524,545,523,546,523,547,523,548,522,548,521,547,520,548,519,549,519,550,519,551,520,552,521,553,521,554,522,554,523,555,523,556,524,557,525,558,526,558,527,559,528,560,529,560,530,561,531,561,532,562,533,562,534,562,535,563,536,563,537,563,538,563,539,563,540,564,541,564,542,564,543,563,544,563,545,563,546,563,547,563,548,562,549,562,550,561,551,561,552,560,553,560,554,559,555,558,556,558,557,557,558,556,558,555,559,554,560,553,561,552,561,551,562,550,562,549,563,548,563,547,563,546,563,545,564,544,564,543,564,542,564,541,564,540,564,539,564,538,564,537,563,536,563,535,563,534,562,533,562,532,562,531,561,530,561,529,560,528,559,527,559,526,558,525,557,524,556,523,555,522,554,521,553,520,552,520,551,519,550,519,549,518,548,518,547,517,546,517,545,516,544,516,543,516,542,516,541,515,540,515,539,515,538,515,537,515,536,515,535,515,534,516,533,516,532,516,531,517,530,517,529,518,528,518,527,519,526,519,525,520,524,521,523,522,522,523,521,524,520,525,519,526,519,527,518,528,518,529,517,530,517,531,516,532,516,533,516,534,516],"hier":[-1,-1,2,0],"area":1773.5,"fit":[539.3214721679688,540.21923828125,44.57973098754883,50.50556945800781,128.4494171142578],"roundness":0.03504146503128257,"passed":false},{"pts":[548,555,547,556,547,557,546,558,545,559,545,560,546,560,547,559,547,558,548,557,548,556],"hier":[3,-1,-1,1],"area":5.5},{"pts":[554,554,554,555,554,556,555,556,556,555,556,554,555,554],"hier":[4,2,-1,1],"area":3.5},{"pts":[529,553,530,554,531,553,530,553],"hier":[5,3,-1,1],"area":1.0},{"pts":[548,552,549,553,550,552,549,552],"hier":[6,4,-1,1],"area":1.0},{"pts":[523,549,523,550,523,551,524,551,524,550],"hier":[7,5,-1,1],"area":1.5},{"pts":[547,545,546,546,545,547,545,548,544,549,543,549,542,548,541,548,540,549,539,550,539,551,538,552,537,553,536,553,535,552,534,552,533,553,534,554,535,555,535,556,534,557,534,558,534,559,535,560,536,560,537,560,538,560,539,561,540,560,541,559,542,558,543,558,543,557,543,556,543,555,542,554,541,553,540,552,541,551,542,550,543,549,544,550,545,551,546,551,546,550,546,549,547,548,548,547,549,546,550,546,551,546,551,545,550,545,549,545,548,545],"hier":[8,6,-1,1],"area":86.5,"fit":[541.4143676757812,553.1163330078125,9.128600120544434,21.187746047973633,53.73497772216797],"roundness":0.24352104323939947,"passed":false},{"pts":[529,540,528,541,527,542,526,542,525,542,525,543,525,544,525,545,526,546,526,547,527,548,528,548,529,548,530,547,531,546,532,546,533,545,532,545,531,545,530,545,529,545,528,544,528,543,529,542,530,542,531,541,530,540],"hier":[9,7,-1,1],"area":29.5,"fit":[528.583740234375,544.1757202148438,7.054074287414551,8.028026580810547,52.58709716796875],"roundness":0.21422020343881712,"passed":false},{"pts":[537,534,536,535,535,536,534,537,534,538,534,539,534,540,534,541,535,542,535,543,536,544,537,544,538,545,539,545,540,545,541,545,542,545,543,544,544,543,545,542,545,541,545,540,545,539,545,538,544,537,543,536,542,535,541,534,540,534,539,534,538,534],"hier":[10,8,-1,1],"area":97.5,"fit":[539.4513549804688,539.5486450195312,10.734710693359375,11.758784294128418,135.0],"roundness":0.030488957213411938,"passed":false},{"pts":[555,532,554,533,554,534,554,535,553,536,553,537,552,538,551,539,551,540,551,541,552,542,553,542,554,542,555,543,556,544,556,545,555,546,555,547,555,548,556,549,557,548,557,547,558,546,558,545,558,544,558,543,558,542,558,541,558,540,558,539,558,538,559,537,559,536,559,535,558,534,557,534,556,533],"hier":[11,9,-1,1],"area":68.5,"fit":[555.2672119140625,540.087646484375,7.388674259185791,15.3823823928833,3.8289425373077393],"roundness":0.17836397867949036,"passed":false},{"pts":[526,532,525,533,526,534,527,534,528,535,529,536,530,536,530,535,529,534,528,533,527,532],"hier":[12,10,-1,1],"area":8.5},{"pts":[520,532,519,533,519,534,518,535,518,536,518,537,519,538,520,539,521,540,521,541,520,542,519,543,519,544,520,545,521,544,521,543,522,542,523,541,523,540,523,539,523,538,523,537,522,536,522,535,521,534,521,533],"hier":[13,11,-1,1],"area":34.0,"fit":[520.4066772460938,538.302978515625,5.087296962738037,11.562031745910645,178.59344482421875],"roundness":0.17565393014899802,"passed":false},{"pts":[534,530,533,531,532,531,531,532,531,533,532,534,533,533,534,532,535,531],"hier":[14,12,-1,1],"area":7.5},{"pts":[548,527,547,528,548,529,548,530,549,531,548,532,547,533,546,534,546,535,547,536,548,536,549,536,550,536,551,535,551,534,551,533,552,532,552,531,552,530,552,529,552,528,552,527,551,527,550,527,549,527],"hier":[15,13,-1,1],"area":37.5,"fit":[549.2447509765625,531.4500732421875,5.600699424743652,10.46174144744873,14.26354694366455],"roundness":0.1651114862640655,"passed":false},{"pts":[542,527,541,528,540,529,540,530,541,531,542,531,543,530,543,529,543,528],"hier":[16,14,-1,1],"area":8.5},{"pts":[531,522,531,523,531,524,531,525,530,526,530,527,530,528,531,527,531,526,532,525,533,525,534,526,535,527,536,527,537,526,538,525,537,524,536,524,535,524,534,524,533,523,532,522],"hier":[17,15,-1,1],"area":19.0},{"pts":[527,521,526,522,525,523,524,523,523,524,523,525,524,526,525,526,526,525,527,524,528,523,528,522],"hier":[-1,16,-1,1],"area":13.0}],"candidates":[{"outer":[539.4371337890625,539.68896484375,52.550804138183594,58.130863189697266,135.1007843017578],"inner":null,"alt":null}]}